file,path,sha256,size_mb,script,created
Fig_pCR1_Forest_OR_EN.pdf,Y:\Phd-Genomic-claude/figures/pcr/Fig_pCR1_Forest_OR_EN.pdf,b4add618b1055a3496b145c6b86a55782e1c150839a6dcd150136353a1ca9133,0.034,23_pCR_figures.R,2026-03-01 08:15:16
Fig_pCR1_Forest_OR_EN.png,Y:\Phd-Genomic-claude/figures/pcr/Fig_pCR1_Forest_OR_EN.png,f7bc071ad2e2122c0171b30fda86a68a620747bc244e54e0f1f968870c7fac4b,0.117,23_pCR_figures.R,2026-03-01 08:15:16
Fig_pCR1_Forest_OR_PT.pdf,Y:\Phd-Genomic-claude/figures/pcr/Fig_pCR1_Forest_OR_PT.pdf,93c817777bfb9d6755a605ac621cdeb58c1bc9b55e34668a6ef573e56bfbcaf2,0.034,23_pCR_figures.R,2026-03-01 08:15:16
Fig_pCR1_Forest_OR_PT.png,Y:\Phd-Genomic-claude/figures/pcr/Fig_pCR1_Forest_OR_PT.png,774064c714efecd9dec51117d3a3f96fb1eae2584dd98650b642200b5487958c,0.118,23_pCR_figures.R,2026-03-01 08:15:16
Fig_pCR2_ROC_EN.pdf,Y:\Phd-Genomic-claude/figures/pcr/Fig_pCR2_ROC_EN.pdf,7b4bba5a98eba02b03e7d362053b9617fe5f43fb23f7e0405e3841b5b185326a,0.035,23_pCR_figures.R,2026-03-01 08:15:16
Fig_pCR2_ROC_EN.png,Y:\Phd-Genomic-claude/figures/pcr/Fig_pCR2_ROC_EN.png,cc189c9e8912e93d3d056975d7111638b3e9cc07ee86e6b53b702fb2d4394837,0.132,23_pCR_figures.R,2026-03-01 08:15:16
Fig_pCR2_ROC_PT.pdf,Y:\Phd-Genomic-claude/figures/pcr/Fig_pCR2_ROC_PT.pdf,4211c335410e281faf56cf24a6d45bd491f20c376d22b309eddfc053741c8af0,0.036,23_pCR_figures.R,2026-03-01 08:15:16
Fig_pCR2_ROC_PT.png,Y:\Phd-Genomic-claude/figures/pcr/Fig_pCR2_ROC_PT.png,d3028e308a8f23bc0816588d15642041cefd3a7575d4924387f1e5a2e2e2fbaf,0.134,23_pCR_figures.R,2026-03-01 08:15:16
Fig_pCR3_QuartileRate_EN.pdf,Y:\Phd-Genomic-claude/figures/pcr/Fig_pCR3_QuartileRate_EN.pdf,de0c4aa39564e31a1dab48afd7546c95e71821eaa8e941489964492bbad0f55d,0.025,23_pCR_figures.R,2026-03-01 08:15:16
Fig_pCR3_QuartileRate_EN.png,Y:\Phd-Genomic-claude/figures/pcr/Fig_pCR3_QuartileRate_EN.png,f8dc9cd8f405ba5a1368af61a29fae9535c18621c6309e61c025c9b802bbb09c,0.115,23_pCR_figures.R,2026-03-01 08:15:16
Fig_pCR3_QuartileRate_PT.pdf,Y:\Phd-Genomic-claude/figures/pcr/Fig_pCR3_QuartileRate_PT.pdf,49aeb4765bc35c4c03c558d8293d5e5b5463912297d9f978644b9d340ba3de7c,0.024,23_pCR_figures.R,2026-03-01 08:15:16
Fig_pCR3_QuartileRate_PT.png,Y:\Phd-Genomic-claude/figures/pcr/Fig_pCR3_QuartileRate_PT.png,019aa87928afc3959d878fd1a0de33838d7a323da22644be40911051a6583d82,0.118,23_pCR_figures.R,2026-03-01 08:15:16
Fig_pCR4_ScoreDist_EN.pdf,Y:\Phd-Genomic-claude/figures/pcr/Fig_pCR4_ScoreDist_EN.pdf,6f08e74a1c1d1245e079ce942c4a0326303ffb27cfa57a1ef628816bce41e0b6,0.055,23_pCR_figures.R,2026-03-01 08:15:16
Fig_pCR4_ScoreDist_EN.png,Y:\Phd-Genomic-claude/figures/pcr/Fig_pCR4_ScoreDist_EN.png,fd5c774ec504a5021a05b2b31f56078743197965af8eabab1fdd9913e34dfd6d,0.146,23_pCR_figures.R,2026-03-01 08:15:16
Fig_pCR4_ScoreDist_PT.pdf,Y:\Phd-Genomic-claude/figures/pcr/Fig_pCR4_ScoreDist_PT.pdf,a9270e8edad99739e8f2f0a66f6482408b6b0e9570cd559dc0689349b97dce11,0.057,23_pCR_figures.R,2026-03-01 08:15:16
Fig_pCR4_ScoreDist_PT.png,Y:\Phd-Genomic-claude/figures/pcr/Fig_pCR4_ScoreDist_PT.png,77f874ee4036087a33425ab8c65a50391a11f647c1bb85fc0d319c51734f37e4,0.149,23_pCR_figures.R,2026-03-01 08:15:16
